Abigail Nathan,https://nineworlds.co.uk/node/567/,https://nineworlds.co.uk/sites/nineworlds.co.uk/files/styles/grid_listings_image/public/guestphotos/small_turquoise_pencil_spiral.jpg,freelance editor, writer, reader
Adam Christopher,https://nineworlds.co.uk/node/470/,https://nineworlds.co.uk/sites/nineworlds.co.uk/files/styles/grid_listings_image/public/guestphotos/homepage_banner_0.jpg,Sci-fi novelist, comics writer
Adele Wearing,https://nineworlds.co.uk/node/471/,https://nineworlds.co.uk/sites/nineworlds.co.uk/files/styles/grid_listings_image/public/guestphotos/unnamed.jpg,Fox Spirit books, ebook publisher
Adrian Tchaikovsky,https://nineworlds.co.uk/node/472/,https://nineworlds.co.uk/sites/nineworlds.co.uk/files/styles/grid_listings_image/public/guestphotos/Adrian_Tchaikovsky_001.jpg,Epic fantasy novelist, amateur actor
Aishwarya Subramanian,https://nineworlds.co.uk/node/473/,https://nineworlds.co.uk/sites/nineworlds.co.uk/files/styles/grid_listings_image/public/guestphotos/pile-of-books.jpg,book reviewer, fan: fantasy, postcolonialism
Alasdair Stuart,https://nineworlds.co.uk/node/612/,https://nineworlds.co.uk/sites/nineworlds.co.uk/files/styles/grid_listings_image/public/guestphotos/Alasdair%20Stuart.jpg,Pseudopod podcaster, journalist
Alchemist Dreams,https://nineworlds.co.uk/node/558/,https://nineworlds.co.uk/sites/nineworlds.co.uk/files/styles/grid_listings_image/public/guestphotos/BackOneReduced.jpg,unique custom handmade liqueurs
Alex Kidd,https://nineworlds.co.uk/node/516/,https://nineworlds.co.uk/sites/nineworlds.co.uk/files/styles/grid_listings_image/public/guestphotos/Logo2.jpg,runs Night Of The Trailers
Alice Nicholls,https://nineworlds.co.uk/node/615/,https://nineworlds.co.uk/sites/nineworlds.co.uk/files/styles/grid_listings_image/public/guestphotos/Alice%20Nicholls.jpg,geek feminism, Cambridge Needs Feminism
Aliette de Bodard,https://nineworlds.co.uk/node/474/,https://nineworlds.co.uk/sites/nineworlds.co.uk/files/styles/grid_listings_image/public/guestphotos/bw_pic2.jpg,muti-award-winning SFF author
Anish Mohammed,https://nineworlds.co.uk/node/544/,https://nineworlds.co.uk/sites/nineworlds.co.uk/files/styles/grid_listings_image/public/guestphotos/mug_shot_low_res.jpg,technology, cryptography, hacking, drones
Anna Caltabiano,https://nineworlds.co.uk/node/475/,https://nineworlds.co.uk/sites/nineworlds.co.uk/files/styles/grid_listings_image/public/guestphotos/anna_039%20%281%29.jpg,teenage author of YA cyberpunk
Anne Charnock,https://nineworlds.co.uk/node/613/,https://nineworlds.co.uk/sites/nineworlds.co.uk/files/styles/grid_listings_image/public/guestphotos/Anne%20Charnock%20%281%29.jpg,foreign journalist, sci-fi novelist
Aral Balkan,https://nineworlds.co.uk/node/543/,https://nineworlds.co.uk/sites/nineworlds.co.uk/files/styles/grid_listings_image/public/guestphotos/256379c601670ec2a0adf2d6a678a46d.jpeg,indie tech: Indie Phone
Ashton Spacey,https://nineworlds.co.uk/node/653/,https://nineworlds.co.uk/sites/nineworlds.co.uk/files/styles/grid_listings_image/public/guestphotos/Screen%20Shot%202014-07-18%20at%2019.42.21.png,fanfic academic
Barry Nugent,https://nineworlds.co.uk/node/476/,https://nineworlds.co.uk/sites/nineworlds.co.uk/files/styles/grid_listings_image/public/guestphotos/fhbooksigning1.jpg,podcaster, novelist, self-publishing maestro
Benedict Jacka,https://nineworlds.co.uk/node/611/,https://nineworlds.co.uk/sites/nineworlds.co.uk/files/styles/grid_listings_image/public/guestphotos/Benedict%20Jacka.jpg,urban fantasy novelist
Brendan Owens,https://nineworlds.co.uk/node/540/,https://nineworlds.co.uk/sites/nineworlds.co.uk/files/styles/grid_listings_image/public/guestphotos/L5706-002_652.jpg,Royal Observatory astronomer, presenter
Cara Ellison,https://nineworlds.co.uk/node/449/,https://nineworlds.co.uk/sites/nineworlds.co.uk/files/styles/grid_listings_image/public/guestphotos/Cara_Ellison-2013-08-21-15.41.45.jpg,embedded games journalist, feminist, soup lover
Caroline Hobkinson,https://nineworlds.co.uk/node/556/,https://nineworlds.co.uk/sites/nineworlds.co.uk/files/styles/grid_listings_image/public/guestphotos/SST_35262-1024x680.jpg,sound frequencies &amp; food
Catherine Sangster,https://nineworlds.co.uk/node/573/,https://nineworlds.co.uk/sites/nineworlds.co.uk/files/styles/grid_listings_image/public/guestphotos/stack_of_books.jpg,geek lexicography, linguistics
Chloe Morris,https://nineworlds.co.uk/node/557/,https://nineworlds.co.uk/sites/nineworlds.co.uk/files/styles/grid_listings_image/public/guestphotos/995928_208804309278297_1867374409_n.png,Edible Stories: experiential food
Chris Farnell,https://nineworlds.co.uk/node/577/,https://nineworlds.co.uk/sites/nineworlds.co.uk/files/styles/grid_listings_image/public/guestphotos/8WS1VHFn.jpeg,freelance writer, zombie fan
Chris French,https://nineworlds.co.uk/node/536/,https://nineworlds.co.uk/sites/nineworlds.co.uk/files/styles/grid_listings_image/public/guestphotos/1024px-Prof_Chris_Frech.jpg,skepticism, psychology, alien contact
Christina Richards,https://nineworlds.co.uk/node/632/,https://nineworlds.co.uk/sites/nineworlds.co.uk/files/styles/grid_listings_image/public/guestphotos/Headshot-3.jpg,psychotherapist, sexualities &amp; gender academic
Clara Jackson,https://nineworlds.co.uk/node/614/,https://nineworlds.co.uk/sites/nineworlds.co.uk/files/styles/grid_listings_image/public/guestphotos/Clara%20Jackson.jpeg,Geek Feminism head, creative producer
Cristina Macia,https://nineworlds.co.uk/node/534/,https://nineworlds.co.uk/sites/nineworlds.co.uk/files/styles/grid_listings_image/public/guestphotos/IMG_2343.JPG,SFF &amp; ASOIAF translator
Dan Foster-Smith,https://nineworlds.co.uk/node/546/,https://nineworlds.co.uk/sites/nineworlds.co.uk/files/styles/grid_listings_image/public/guestphotos/7c2ca0e33124636d2d1032ffb7696d6b.jpeg,technology, alternative search engines
Dan Simpson,https://nineworlds.co.uk/node/568/,https://nineworlds.co.uk/sites/nineworlds.co.uk/files/styles/grid_listings_image/public/guestphotos/cropped-dsc_9138.jpg,poet, compere, event organiser
Danie Ware,https://nineworlds.co.uk/node/477/,https://nineworlds.co.uk/sites/nineworlds.co.uk/files/styles/grid_listings_image/public/guestphotos/EckoBurning-600x410.jpg,sardonic fantasy author, SFF publicist
Daniel Polansky,https://nineworlds.co.uk/node/478/,https://nineworlds.co.uk/sites/nineworlds.co.uk/files/styles/grid_listings_image/public/guestphotos/DanielPolansky.jpg,noir fantasy series author
David McIntee,https://nineworlds.co.uk/node/583/,https://nineworlds.co.uk/sites/nineworlds.co.uk/files/styles/grid_listings_image/public/guestphotos/IMG_20140419_202039.jpg,sci-fi writer, retro fandom
David Bryher,https://nineworlds.co.uk/node/621/,https://nineworlds.co.uk/sites/nineworlds.co.uk/files/styles/grid_listings_image/public/guestphotos/qY8Spn0a.jpeg,Doctor Who, Zombies Run writer
David Varela,https://nineworlds.co.uk/node/571/,https://nineworlds.co.uk/sites/nineworlds.co.uk/files/styles/grid_listings_image/public/guestphotos/Screen%20Shot%202014-06-24%20at%2014.05.30.png,interactive fun: games, theatre
Debbie Challis,https://nineworlds.co.uk/node/610/,https://nineworlds.co.uk/sites/nineworlds.co.uk/files/styles/grid_listings_image/public/guestphotos/Debbie%20Challis.jpeg,Egyptian Archaeology Museum event organiser
Deborah Hyde,https://nineworlds.co.uk/node/538/,https://nineworlds.co.uk/sites/nineworlds.co.uk/files/styles/grid_listings_image/public/guestphotos/DeborahHyde.jpg,Skeptic Mag editor, vampire expert
Den Patrick,https://nineworlds.co.uk/node/479/,https://nineworlds.co.uk/sites/nineworlds.co.uk/files/styles/grid_listings_image/public/guestphotos/1fae154035751a4953545236a4dfb352.jpeg,London-based fantasy author
Djibril al-Ayad,https://nineworlds.co.uk/node/609/,https://nineworlds.co.uk/sites/nineworlds.co.uk/files/styles/grid_listings_image/public/guestphotos/Djibril%20Al%20Ayad.jpg,academic historian, futurist, editor
Briony Frost,https://nineworlds.co.uk/node/659/,https://nineworlds.co.uk/sites/nineworlds.co.uk/files/styles/grid_listings_image/public/guestphotos/BSF%20-%209%20Worlds%20Headshot.jpg,comics academic, fantasy novelist
E. Saxey,https://nineworlds.co.uk/node/482/,https://nineworlds.co.uk/sites/nineworlds.co.uk/files/styles/grid_listings_image/public/guestphotos/unnamed%20%281%29.jpg,writer, academic, gender, sexuality, supernatural
Ed Boff,https://nineworlds.co.uk/node/521/,https://nineworlds.co.uk/sites/nineworlds.co.uk/files/styles/grid_listings_image/public/guestphotos/8eff184afa30657bc62010e94948237e.jpeg,film critic, SF London columnist
Ed Cox,https://nineworlds.co.uk/node/608/,https://nineworlds.co.uk/sites/nineworlds.co.uk/files/styles/grid_listings_image/public/guestphotos/Ed%20Cox.jpg,fantasy novelist, fan of spiders
Edmund Weiner,https://nineworlds.co.uk/node/572/,https://nineworlds.co.uk/sites/nineworlds.co.uk/files/styles/grid_listings_image/public/guestphotos/OED.jpg,Deputy Chief Editor of OED
Elizabeth Bear,https://nineworlds.co.uk/node/480/,https://nineworlds.co.uk/sites/nineworlds.co.uk/files/styles/grid_listings_image/public/guestphotos/7658837130_f797a8cf2f.jpg,multi-award-winning SFF author
Elizabeth Minkel,https://nineworlds.co.uk/node/652/,https://nineworlds.co.uk/sites/nineworlds.co.uk/files/styles/grid_listings_image/public/guestphotos/Screen%20Shot%202014-07-18%20at%2019.40.58.png,fan culture, book reviews
Emma Byrne,https://nineworlds.co.uk/node/542/,https://nineworlds.co.uk/sites/nineworlds.co.uk/files/styles/grid_listings_image/public/guestphotos/S4jaJ2LB.jpeg,science communicator: robotics, AI
Emma Vieceli,https://nineworlds.co.uk/node/481/,https://nineworlds.co.uk/sites/nineworlds.co.uk/files/styles/grid_listings_image/public/guestphotos/943081_184278458396016_1191073764_n.jpg,comics creator, illustrator, writer
Erin Claiborne,https://nineworlds.co.uk/node/638/,https://nineworlds.co.uk/sites/nineworlds.co.uk/files/styles/grid_listings_image/public/guestphotos/Screen%20Shot%202014-07-08%20at%2017.45.48.png,writer, teacher, fanficcer, academic
Fabio Fernandes,https://nineworlds.co.uk/node/483/,https://nineworlds.co.uk/sites/nineworlds.co.uk/files/styles/grid_listings_image/public/guestphotos/unnamed%20%283%29.jpg,SFF writer, translator: colonialism, steampunk
Fran Haswell,https://nineworlds.co.uk/node/616/,https://nineworlds.co.uk/sites/nineworlds.co.uk/files/styles/grid_listings_image/public/guestphotos/Fran%20Haswell.jpg,geek feminism, robots, zombies
Francis Knight,https://nineworlds.co.uk/node/484/,https://nineworlds.co.uk/sites/nineworlds.co.uk/files/styles/grid_listings_image/public/guestphotos/biopic.jpg,noir fantasy author
Gaie Sebold,https://nineworlds.co.uk/node/606/,https://nineworlds.co.uk/sites/nineworlds.co.uk/files/styles/grid_listings_image/public/guestphotos/Gaie%20Sebold.jpg,fantasy &amp; steampunk novelist
Gail Carriger,https://nineworlds.co.uk/node/485/,https://nineworlds.co.uk/sites/nineworlds.co.uk/files/styles/grid_listings_image/public/guestphotos/3GailCarrigerBlue.jpg,comedic steampunk, urbane fantasy, tea
Gareth Powell,https://nineworlds.co.uk/node/605/,https://nineworlds.co.uk/sites/nineworlds.co.uk/files/styles/grid_listings_image/public/guestphotos/Gareth%20Powell.jpg,award-winning SFF author
Gavia Baker-Whitelaw,https://nineworlds.co.uk/node/637/,https://nineworlds.co.uk/sites/nineworlds.co.uk/files/styles/grid_listings_image/public/guestphotos/Screen%20Shot%202014-07-08%20at%2017.44.49.png,writer, internet culture reporter
Geoffrey Ryman,https://nineworlds.co.uk/node/486/,https://nineworlds.co.uk/sites/nineworlds.co.uk/files/styles/grid_listings_image/public/guestphotos/Clarion2008_cropped.JPG,sci-fi, fantasy, historical, mundane, LGBT
H. Gruenefeld,https://nineworlds.co.uk/node/629/,https://nineworlds.co.uk/sites/nineworlds.co.uk/files/styles/grid_listings_image/public/guestphotos/20140312_153544_Android%201.jpg,archaeologist, cool dude, overthinker
Howard Hardiman,https://nineworlds.co.uk/node/658/,https://nineworlds.co.uk/sites/nineworlds.co.uk/files/styles/grid_listings_image/public/guestphotos/d283b831a1cd41ee94af2ff1ac82d8f4.jpg,comics artist, dachshunds
Ian Whates,https://nineworlds.co.uk/node/604/,https://nineworlds.co.uk/sites/nineworlds.co.uk/files/styles/grid_listings_image/public/guestphotos/Ian%20Whates.jpg,writer, indie publisher
Iona Sharma,https://nineworlds.co.uk/node/559/,https://nineworlds.co.uk/sites/nineworlds.co.uk/files/styles/grid_listings_image/public/guestphotos/bwpic.jpg,writer, lawyer, editor, spaceships
Jacob Sam-La Rose,https://nineworlds.co.uk/node/580/,https://nineworlds.co.uk/sites/nineworlds.co.uk/files/styles/grid_listings_image/public/guestphotos/IMG_2104_smaller.jpg,poet, editor, educator, tech geek
James Oswald,https://nineworlds.co.uk/node/603/,https://nineworlds.co.uk/sites/nineworlds.co.uk/files/styles/grid_listings_image/public/guestphotos/James%20Oswald.jpg,crime novels, epic fantasy
James Smythe,https://nineworlds.co.uk/node/487/,https://nineworlds.co.uk/sites/nineworlds.co.uk/files/styles/grid_listings_image/public/guestphotos/1239667_10151616701971174_1664107064_n.jpg,sci-fi novelist, teaches writing
Jane Fae,https://nineworlds.co.uk/node/512/,https://nineworlds.co.uk/sites/nineworlds.co.uk/files/styles/grid_listings_image/public/guestphotos/OrzQWN-E.jpeg,feminism, online censorshop, sexual liberty
Jen Williams,https://nineworlds.co.uk/node/602/,https://nineworlds.co.uk/sites/nineworlds.co.uk/files/styles/grid_listings_image/public/guestphotos/Jennifer%20Williams.jpg,epic fantasy, writer, Lego fan
Jenny Alexander,https://nineworlds.co.uk/node/630/,https://nineworlds.co.uk/sites/nineworlds.co.uk/files/styles/grid_listings_image/public/guestphotos/WIN_20140701_234151%20%282%29.JPG,lecturer in Media &amp; Popular Culture
Joanne Harris,https://nineworlds.co.uk/node/488/,https://nineworlds.co.uk/sites/nineworlds.co.uk/files/styles/grid_listings_image/public/guestphotos/joanne-harris_n.jpg,literary fiction, magical realism, gastromance
John Connolly,https://nineworlds.co.uk/node/489/,https://nineworlds.co.uk/sites/nineworlds.co.uk/files/styles/grid_listings_image/public/guestphotos/john-2010-dog.jpg,crime, horror, SFF novelist
John Hornor Jacobs,https://nineworlds.co.uk/node/490/,https://nineworlds.co.uk/sites/nineworlds.co.uk/files/styles/grid_listings_image/public/guestphotos/JHJ_ABOUT_ME_PHOTO.jpg,horror fantasy novels, YA, noir
John J. Johnston,https://nineworlds.co.uk/node/601/,https://nineworlds.co.uk/sites/nineworlds.co.uk/files/styles/grid_listings_image/public/guestphotos/John%20J%20Johnston.jpg,Egyptologist, mummies fan
Jon Morgan,https://nineworlds.co.uk/node/623/,https://nineworlds.co.uk/sites/nineworlds.co.uk/files/styles/grid_listings_image/public/guestphotos/IMG_3892.JPG,Call of Cthulhu games
Jon Stone,https://nineworlds.co.uk/node/579/,https://nineworlds.co.uk/sites/nineworlds.co.uk/files/styles/grid_listings_image/public/guestphotos/2b075be4f12c87f9017ffbb5496ba467.jpeg,poetry, collaborative writing
Jonathan L. Howard,https://nineworlds.co.uk/node/643/,https://nineworlds.co.uk/sites/nineworlds.co.uk/files/styles/grid_listings_image/public/guestphotos/AuthorPhoto-Final.jpg,author, scriptwriter, computer games designer
Joseph Oldham,https://nineworlds.co.uk/node/651/,https://nineworlds.co.uk/sites/nineworlds.co.uk/files/styles/grid_listings_image/public/guestphotos/his-girl-friday-typewriter.jpg,film reviewer, serial narrative
Juliet Mushens,https://nineworlds.co.uk/node/565/,https://nineworlds.co.uk/sites/nineworlds.co.uk/files/styles/grid_listings_image/public/guestphotos/headshot.jpg,literary agent, writing teacher
JY Yang,https://nineworlds.co.uk/node/600/,https://nineworlds.co.uk/sites/nineworlds.co.uk/files/styles/grid_listings_image/public/guestphotos/JY%20Yang.png,scientist, journalist, SFF writer
Kari Sperring,https://nineworlds.co.uk/node/640/,https://nineworlds.co.uk/sites/nineworlds.co.uk/files/styles/grid_listings_image/public/guestphotos/Screen%20Shot%202014-07-08%20at%2017.48.08.png,Celtic, Viking historian; writer
Kate Griffin,https://nineworlds.co.uk/node/491/,https://nineworlds.co.uk/sites/nineworlds.co.uk/files/styles/grid_listings_image/public/guestphotos/Kate-Griffin.jpg,fantasy books, urban magic
Kate Russell,https://nineworlds.co.uk/node/644/,https://nineworlds.co.uk/sites/nineworlds.co.uk/files/styles/grid_listings_image/public/guestphotos/LqWYcOAa.jpeg,technology, gaming, internet journalist
Kelly Kanayama,https://nineworlds.co.uk/node/626/,https://nineworlds.co.uk/sites/nineworlds.co.uk/files/styles/grid_listings_image/public/guestphotos/IMG_2610.JPG,comics journalist, performance storyteller
Kerstin Rogers,https://nineworlds.co.uk/node/555/,https://nineworlds.co.uk/sites/nineworlds.co.uk/files/styles/grid_listings_image/public/guestphotos/portrait%20of%20me.jpg,underground restaurants, supper clubs
Kieron Gillen,https://nineworlds.co.uk/node/447/,https://nineworlds.co.uk/sites/nineworlds.co.uk/files/styles/grid_listings_image/public/guestphotos/10.16.11KieronGillenByLuigiNovi1.jpg,Geek Britain&#039;s beloved premier monster
Kim Curran,https://nineworlds.co.uk/node/452/,https://nineworlds.co.uk/sites/nineworlds.co.uk/files/styles/grid_listings_image/public/guestphotos/Kim_Curran-Picture-51.jpg,Young adult social sf author
Kirsten Irving,https://nineworlds.co.uk/node/578/,https://nineworlds.co.uk/sites/nineworlds.co.uk/files/styles/grid_listings_image/public/guestphotos/kheadshot.jpg,voice actor, copywriter, poet
Kristina Lloyd,https://nineworlds.co.uk/node/570/,https://nineworlds.co.uk/sites/nineworlds.co.uk/files/styles/grid_listings_image/public/guestphotos/flower4.jpg,erotica writer: gothic, dystopian, magical
Laura Lam,https://nineworlds.co.uk/node/492/,https://nineworlds.co.uk/sites/nineworlds.co.uk/files/styles/grid_listings_image/public/guestphotos/laura_lam.jpg,YA fantasy author: Pantomime, Shadowplay
Laure Eve,https://nineworlds.co.uk/node/599/,https://nineworlds.co.uk/sites/nineworlds.co.uk/files/styles/grid_listings_image/public/guestphotos/Laure%20Eve.jpg,Fearsome Dreamer author
Lauren Beukes,https://nineworlds.co.uk/node/493/,https://nineworlds.co.uk/sites/nineworlds.co.uk/files/styles/grid_listings_image/public/guestphotos/image001_0.jpg,writes novels, comics, screenplays, TV
Lauren O'Farrell,https://nineworlds.co.uk/node/494/,https://nineworlds.co.uk/sites/nineworlds.co.uk/files/styles/grid_listings_image/public/guestphotos/Screen%20Shot%202014-06-12%20at%2017.29.46.png,unconventional knitting, crafty chaos
Laurie Penny,https://nineworlds.co.uk/node/448/,https://nineworlds.co.uk/sites/nineworlds.co.uk/files/styles/grid_listings_image/public/guestphotos/laurie_bio-500x500.jpg,journalist, activist, feminist, troublemaker, nerd
Lesley McIntee,https://nineworlds.co.uk/node/582/,https://nineworlds.co.uk/sites/nineworlds.co.uk/files/styles/grid_listings_image/public/guestphotos/IMG_20140508_113403.jpg,mythology, folklore, literature, retro fandom
Liesel Schwarz,https://nineworlds.co.uk/node/654/,https://nineworlds.co.uk/sites/nineworlds.co.uk/files/styles/grid_listings_image/public/guestphotos/profile.jpeg,award-winning steampunk author
Liz Gorinsky,https://nineworlds.co.uk/node/597/,https://nineworlds.co.uk/sites/nineworlds.co.uk/files/styles/grid_listings_image/public/guestphotos/Liz%20Gorinsky.jpg,Hugo-nominated editor
Lou Morgan,https://nineworlds.co.uk/node/495/,https://nineworlds.co.uk/sites/nineworlds.co.uk/files/styles/grid_listings_image/public/guestphotos/ea94862cadcc13f54ef8b27840a42aba.jpeg,urban fantasy &amp; YA author
Malin Ryden,https://nineworlds.co.uk/node/639/,https://nineworlds.co.uk/sites/nineworlds.co.uk/files/styles/grid_listings_image/public/guestphotos/Screen%20Shot%202014-07-08%20at%2017.47.07.png,freelance fiction writer
Marek Kukula,https://nineworlds.co.uk/node/496/,https://nineworlds.co.uk/sites/nineworlds.co.uk/files/styles/grid_listings_image/public/guestphotos/Marek-publicity-large_652.jpg,Public Astronomer, Royal Observatory
Mark Alder,https://nineworlds.co.uk/node/595/,https://nineworlds.co.uk/sites/nineworlds.co.uk/files/styles/grid_listings_image/public/guestphotos/Mark%20Alder.jpg,historical fantasy, journalism, stand-up
Mark Newton,https://nineworlds.co.uk/node/497/,https://nineworlds.co.uk/sites/nineworlds.co.uk/files/styles/grid_listings_image/public/guestphotos/Mark1-540x810.jpg,fantasy crime, SF, whisky expert
M. Suddain,https://nineworlds.co.uk/node/596/,https://nineworlds.co.uk/sites/nineworlds.co.uk/files/styles/grid_listings_image/public/guestphotos/Matt%20Suddain.jpg,short fiction, non-fiction
Matt Voice,https://nineworlds.co.uk/node/581/,https://nineworlds.co.uk/sites/nineworlds.co.uk/files/styles/grid_listings_image/public/guestphotos/Elvish-Lettering-1920x1080_0.jpg,Tolkien linguist, word nerd
Matthew Pocock,https://nineworlds.co.uk/node/633/,https://nineworlds.co.uk/sites/nineworlds.co.uk/files/styles/grid_listings_image/public/guestphotos/unnamed_0.jpg,geeky academic, fan-art carver
Meg John Barker,https://nineworlds.co.uk/node/624/,https://nineworlds.co.uk/sites/nineworlds.co.uk/files/styles/grid_listings_image/public/guestphotos/MegBarker.jpg,writer, academic, counsellor, activist
Michael Blyth,https://nineworlds.co.uk/node/519/,https://nineworlds.co.uk/sites/nineworlds.co.uk/files/styles/grid_listings_image/public/guestphotos/5c761f4f3ac2a0607b2fc71e4fdc493f.jpeg,queer cinema, horror, film programming
Michael Marshall,https://nineworlds.co.uk/node/535/,https://nineworlds.co.uk/sites/nineworlds.co.uk/files/styles/grid_listings_image/public/guestphotos/181795_199713993374159_4029500_n.jpg,skepticism, Good Thinking Society
Naomi Alderman,https://nineworlds.co.uk/node/562/,https://nineworlds.co.uk/sites/nineworlds.co.uk/files/styles/grid_listings_image/public/guestphotos/naomi_alderman_portrait_1.jpg,Zombies, Run! lead writer
Nat Wilkinson,https://nineworlds.co.uk/node/627/,https://nineworlds.co.uk/sites/nineworlds.co.uk/files/styles/grid_listings_image/public/guestphotos/me.jpeg,comics-reading internet vampire
Nathan Penlington,https://nineworlds.co.uk/node/518/,https://nineworlds.co.uk/sites/nineworlds.co.uk/files/styles/grid_listings_image/public/guestphotos/OBuV7obm.jpeg,Choose Your Own Documentary creator
Niall McCrae,https://nineworlds.co.uk/node/537/,https://nineworlds.co.uk/sites/nineworlds.co.uk/files/styles/grid_listings_image/public/guestphotos/Full-moon-in-night-sky-ov-010.jpg,skepticism, mental health
Nick Harkaway,https://nineworlds.co.uk/node/499/,https://nineworlds.co.uk/sites/nineworlds.co.uk/files/styles/grid_listings_image/public/guestphotos/330px-Nick_harkaway.jpg,fantasy novels, digital worlds, adventures
Paul Cornell,https://nineworlds.co.uk/node/451/,https://nineworlds.co.uk/sites/nineworlds.co.uk/files/styles/grid_listings_image/public/guestphotos/Paul_cornell.jpg,Writer of comics, books, television
Paul McAuley,https://nineworlds.co.uk/node/500/,https://nineworlds.co.uk/sites/nineworlds.co.uk/files/styles/grid_listings_image/public/guestphotos/pm2.jpg,hard sci-fi: biotech, space, realities
Peter Newman,https://nineworlds.co.uk/node/594/,https://nineworlds.co.uk/sites/nineworlds.co.uk/files/styles/grid_listings_image/public/guestphotos/Peter%20Newman.jpg,writer, runner, wannabe butler
Peter Sutton,https://nineworlds.co.uk/node/593/,https://nineworlds.co.uk/sites/nineworlds.co.uk/files/styles/grid_listings_image/public/guestphotos/Peter%20Sutton.jpg,Bristol Literature Festival organiser
Phil Nightingale,https://nineworlds.co.uk/node/563/,https://nineworlds.co.uk/sites/nineworlds.co.uk/files/styles/grid_listings_image/public/guestphotos/1330622.jpg,Zombies, Run! lead voice actor
Philip Reeve,https://nineworlds.co.uk/node/561/,https://nineworlds.co.uk/sites/nineworlds.co.uk/files/styles/grid_listings_image/public/guestphotos/330px-PhilipReeve2008.png,Cakes in Space; Mortal Engines
Rebecca Levene,https://nineworlds.co.uk/node/501/,https://nineworlds.co.uk/sites/nineworlds.co.uk/files/styles/grid_listings_image/public/guestphotos/IMG_8051-bw.jpg,novels, supernatural, TV, videogames, zombies
Reiner Knizia,https://nineworlds.co.uk/node/498/,https://nineworlds.co.uk/sites/nineworlds.co.uk/files/styles/grid_listings_image/public/guestphotos/unnamed%20%282%29.jpg,award-winning board game designer
Richard Dunn,https://nineworlds.co.uk/node/539/,https://nineworlds.co.uk/sites/nineworlds.co.uk/files/styles/grid_listings_image/public/guestphotos/richard_dunn_main2.jpg,Royal Observatory: Longitude curator
Robert Sharp,https://nineworlds.co.uk/node/592/,https://nineworlds.co.uk/sites/nineworlds.co.uk/files/styles/grid_listings_image/public/guestphotos/rob-pic.jpg,Campaigns Head, English PEN
Rochita Loenen-Ruiz,https://nineworlds.co.uk/node/591/,https://nineworlds.co.uk/sites/nineworlds.co.uk/files/styles/grid_listings_image/public/guestphotos/Rochita%20Loenen-Ruiz.jpg,short SFF fiction
Rowan Williams-Fletcher,https://nineworlds.co.uk/node/617/,https://nineworlds.co.uk/sites/nineworlds.co.uk/files/styles/grid_listings_image/public/guestphotos/DAAgRZPG.jpeg,feminism, YA literature, sci-fi theatre
Roz Kaveney,https://nineworlds.co.uk/node/636/,https://nineworlds.co.uk/sites/nineworlds.co.uk/files/styles/grid_listings_image/public/guestphotos/Screen%20Shot%202014-07-08%20at%2017.43.34.png,writer, critic, poet, activist
Samantha Kountz,https://nineworlds.co.uk/node/631/,https://nineworlds.co.uk/sites/nineworlds.co.uk/files/styles/grid_listings_image/public/guestphotos/Screen%20Shot%202014-07-07%20at%2014.58.51.png,film scholar, palaeontologist
Sara Jayne Townsend,https://nineworlds.co.uk/node/575/,https://nineworlds.co.uk/sites/nineworlds.co.uk/files/styles/grid_listings_image/public/guestphotos/5952173.jpg,T-Party Writers&#039; Group founder
Sarah Lotz,https://nineworlds.co.uk/node/502/,https://nineworlds.co.uk/sites/nineworlds.co.uk/files/styles/grid_listings_image/public/guestphotos/Sarah_Lotz_biopic-240x300.jpg,urban horror, YA, zombies, erotica
Sarah McIntyre,https://nineworlds.co.uk/node/450/,https://nineworlds.co.uk/sites/nineworlds.co.uk/files/styles/grid_listings_image/public/guestphotos/sarah_mcintyre_biopic1-e1383695271488.jpg,Illustrator for children, of monsters
Scott Lynch,https://nineworlds.co.uk/node/504/,https://nineworlds.co.uk/sites/nineworlds.co.uk/files/styles/grid_listings_image/public/guestphotos/ScottLynch.jpg,fantasy novelist, volunteer firefighter
Shelagh Rowan-Legg,https://nineworlds.co.uk/node/620/,https://nineworlds.co.uk/sites/nineworlds.co.uk/files/styles/grid_listings_image/public/guestphotos/Shelagh%20Rowan-Legg.jpg,film fest programmer, film journalist
Si Spurrier,https://nineworlds.co.uk/node/554/,https://nineworlds.co.uk/sites/nineworlds.co.uk/files/styles/grid_listings_image/public/guestphotos/330px-10.12.12SimonSpurrierByLuigiNovi.jpg,comics writer: Marvel, DC
Simon Guerrier,https://nineworlds.co.uk/node/505/,https://nineworlds.co.uk/sites/nineworlds.co.uk/files/styles/grid_listings_image/public/guestphotos/guerrier.jpg,Dr Who author, sci-fi TV
Sophie Calder,https://nineworlds.co.uk/node/590/,https://nineworlds.co.uk/sites/nineworlds.co.uk/files/styles/grid_listings_image/public/guestphotos/aigN-CmI.jpeg,Gollancz Publicity Manager
Spencer Hickman,https://nineworlds.co.uk/node/517/,https://nineworlds.co.uk/sites/nineworlds.co.uk/files/styles/grid_listings_image/public/guestphotos/DeathWaltz_logo_400x400.jpeg,Death Waltz: cult horror soundtracks
Stark Holborn,https://nineworlds.co.uk/node/589/,https://nineworlds.co.uk/sites/nineworlds.co.uk/files/styles/grid_listings_image/public/guestphotos/Stark%20Holborn.jpg,Penny Westerns, liquor bootlegger
Stephanie Osborn,https://nineworlds.co.uk/node/576/,https://nineworlds.co.uk/sites/nineworlds.co.uk/files/styles/grid_listings_image/public/guestphotos/nIlw_Dv0.jpeg,Interstellar Woman of Mystery
Stephanie Saulter,https://nineworlds.co.uk/node/506/,https://nineworlds.co.uk/sites/nineworlds.co.uk/files/styles/grid_listings_image/public/guestphotos/28d3b002d30ec4210ea4f0604c0f683a.jpeg,literary sci-fi
Stephen Aryan,https://nineworlds.co.uk/node/507/,https://nineworlds.co.uk/sites/nineworlds.co.uk/files/styles/grid_listings_image/public/guestphotos/T2oLlSy9.jpeg,fantasy novelist, podcaster, comics
Stephen Chan,https://nineworlds.co.uk/node/645/,https://nineworlds.co.uk/sites/nineworlds.co.uk/files/styles/grid_listings_image/public/guestphotos/6af1bc20567eaab1dd35b35496475776.jpeg,interactive, wearable tech innovator
Susan Bartholomew,https://nineworlds.co.uk/node/533/,https://nineworlds.co.uk/sites/nineworlds.co.uk/files/styles/grid_listings_image/public/guestphotos/cover.gif,medieval fantasy novelist, poet
Tade Thompson,https://nineworlds.co.uk/node/508/,https://nineworlds.co.uk/sites/nineworlds.co.uk/files/styles/grid_listings_image/public/guestphotos/Tade-Thompson.jpg,Afro SF author, Rosarium Publishing
Tara B,https://nineworlds.co.uk/node/520/,https://nineworlds.co.uk/sites/nineworlds.co.uk/files/styles/grid_listings_image/public/guestphotos/536567_10100423514785385_61406846_53158738_268986877_n%20%281%29.jpg,Wotever World film festival, feminism
Taran Matharu,https://nineworlds.co.uk/node/509/,https://nineworlds.co.uk/sites/nineworlds.co.uk/files/styles/grid_listings_image/public/guestphotos/xN3iAbbn.jpeg,successful Wattpad fantasy adventure author
The Duke Mitchell Film Club,https://nineworlds.co.uk/node/515/,https://nineworlds.co.uk/sites/nineworlds.co.uk/files/styles/grid_listings_image/public/guestphotos/Duke.png,bizarre, rare and forgotten films
The Kitschies,https://nineworlds.co.uk/node/588/,https://nineworlds.co.uk/sites/nineworlds.co.uk/files/styles/grid_listings_image/public/guestphotos/The%20Kitschies.jpeg,celebrate progressive books, tentacles
The Robin Collective,https://nineworlds.co.uk/node/523/,https://nineworlds.co.uk/sites/nineworlds.co.uk/files/styles/grid_listings_image/public/guestphotos/food.jpg,cutting edge of experimental food
The T Party Writers,https://nineworlds.co.uk/node/574/,https://nineworlds.co.uk/sites/nineworlds.co.uk/files/styles/grid_listings_image/public/guestphotos/TParty.jpg,genre writing critique group
Tiffani Angus,https://nineworlds.co.uk/node/510/,https://nineworlds.co.uk/sites/nineworlds.co.uk/files/styles/grid_listings_image/public/guestphotos/image.jpg,SF, fantasy, horror, erotica writer
Tom Hunter,https://nineworlds.co.uk/node/587/,https://nineworlds.co.uk/sites/nineworlds.co.uk/files/styles/grid_listings_image/public/guestphotos/Tom%20Hunter.jpg,Director: Arthur C.Clarke award
Tom Kerss,https://nineworlds.co.uk/node/541/,https://nineworlds.co.uk/sites/nineworlds.co.uk/files/styles/grid_listings_image/public/guestphotos/tkersstwitter.jpg,Royal Observatory astronomer, astrophotographer
Tom Pollock,https://nineworlds.co.uk/node/625/,https://nineworlds.co.uk/sites/nineworlds.co.uk/files/styles/grid_listings_image/public/guestphotos/Screen-shot-2013-06-20-at-10.25.01.png,Monster creator, bear hugger
Viktoriya H,https://nineworlds.co.uk/node/618/,https://nineworlds.co.uk/sites/nineworlds.co.uk/files/styles/grid_listings_image/public/guestphotos/Viktoriya%20H.jpeg,feminist, petrolhead, BadRep writer
Will Brooker,https://nineworlds.co.uk/node/619/,https://nineworlds.co.uk/sites/nineworlds.co.uk/files/styles/grid_listings_image/public/guestphotos/Dr%20Will%20Brooker.JPG,Batman academic, feminist, comics
Will Hill,https://nineworlds.co.uk/node/511/,https://nineworlds.co.uk/sites/nineworlds.co.uk/files/styles/grid_listings_image/public/guestphotos/590558.jpg,YA sci-fi horror writer, cats
Zak Jane Keir,https://nineworlds.co.uk/node/569/,https://nineworlds.co.uk/sites/nineworlds.co.uk/files/styles/grid_listings_image/public/guestphotos/8e9136c814e34713c9a18f79e519740f.jpeg,sci-fi &amp; steampunk erotica writer
Zen Cho,https://nineworlds.co.uk/node/560/,https://nineworlds.co.uk/sites/nineworlds.co.uk/files/styles/grid_listings_image/public/guestphotos/DSC00520-150x150.jpg,SFF &amp; romance writer
