Track,HomeRoom
A Song of Ice and Fire,32
Academia,Connaught-B
All of the Books,County-C&D
Comics,Royal-A
Cosplay Beyond,Royal-B
Cosplay UK,Royal-B
Creative Writing,County-A
Doctor Who,Royal-C&D
Entertainment,Comm-East
Fanfic,County-B
Film Festival,41
Food Geekery,32
Forbidden Planet Signings,Comm-West
Future Tech,11
Game of Thrones,38
Geek Feminism,Connaught-A
Informal Meetups,Bijou-Bar
Kids,42
Knitting,40
LARP,40
LGBTQAI Fandom,Connaught-B
Podcasting,Royal-A
Race & Culture,Connaught-B
Retro Fandom,40
Roleplay / Storygasm,42
Skepticism,11
Social Gaming,Royal-B
"Space, Ships and Steampunk",12
Steampunk,12
Video Games Culture,38
Whedon,Royal-C&D
